fold,train_rmse,test_rmse,train_mae,test_mae,train_r2,test_r2
1,16953.975463854465,61048.9201606313,4324.7355012524695,15947.349452240613,0.9981705419982855,0.9905551544691003
2,17428.671147397334,39201.116142529194,5189.337595650809,10062.612230282739,0.9985102119388033,0.9941640021498738
3,12431.218603877058,21527.730997769035,5905.682916802542,10982.403885723295,0.9993511789590133,0.9960563364743928
4,16923.328728710363,8538.187319897264,5350.941091796875,4017.068360682896,0.9988260061746346,0.9991128478604966
5,17837.83893234414,13940.11220051851,5312.822417419434,5815.537215023949,0.9986129737994837,0.998761286076225
